peptide sequence,round # 1 DNA clones (#),round # 2 DNA clones (#),round # 3 DNA clones (#),round # 4 DNA clones (#),round # 5 DNA clones (#),round # 6 DNA clones (#),
VWDPRTFYLSRI,0,0,1,17,99,82,
WDANTIFIKRV,0,0,0,3,12,13,
WNPRTIFIKRA,0,0,0,2,26,13,
VWDPRTFYLSRT,0,0,0,1,26,18,
IWDTGTFYLSRT,0,0,0,3,25,11,
WWNTRSFYLSRI,0,0,0,6,36,12,
FWDPRTFYLSRI,0,0,0,1,15,8,
VWDPSTFYLSRI,0,0,0,0,6,4,
KWDTRTFYLSRY,0,0,0,3,18,6,
KWDTRTFYLSRI,0,0,0,1,11,8,
IWDPRTFYLSRI,0,0,0,0,8,6,
IWDTGTFYLSRI,0,0,0,1,9,5,
VWDPRTFYLSRM,0,0,0,1,10,2,
VWDPGTFYLSRI,0,0,0,2,4,8,
VWDSRTFYLSRI,0,0,0,0,5,5,
AWDPRTFYLSRI,0,0,0,2,16,7,
VWDPRTFYLSRV,0,0,0,0,10,6,
VWDPRTFYLSRS,0,0,0,1,9,7,
VWDPRTFYMSRI,0,0,0,1,9,5,
VRDPRTFYLSRI,0,0,1,1,9,7,
WNPRTIFIKRV,0,0,0,0,2,3,
VWDPRTFYLSRN,0,0,0,0,8,5,
VWDPKTFYLSRI,0,0,0,1,6,4,
VWDPRTFYSSRI,0,0,0,0,4,3,
