peptide sequence,round # 0 occurrence (#),round # 1 occurrence (#),round # 2 occurrence (#),
VWDARTFYLSRI,296,350,1747,
VWDPATFYLSRI,491,579,1086,
VWDPRTFYLSRI,345,422,667,
VWDPRTFYLSRA,298,433,214,
VWDPRAFYLSRI,272,284,151,
VWDPRTFYLARI,163,305,149,
AWDPRTFYLSRI,203,283,110,
VWDPRTFALSRI,236,416,29,
VWDARTLYLSRI,4,2,28,
VWDPRTFYLSAI,322,449,26,
VWDPRTAYLSRI,218,383,17,
VWAPRTFYLSRI,255,277,15,
VWDPRTFYASRI,104,187,14,
VADPRTFYLSRI,226,189,11,
VWDARTFYLSRA,18,7,11,
VWDPRTLYLSRI,7,2,8,
VRDARTFYLSRI,2,0,7,
VWDARTFYLSRT,0,1,7,
VWDARAFYLSRI,3,2,6,
VWDARTFYLSRV,0,0,6,
VWDPATLYLSRI,0,5,6,
V&DARTFYLSRI,0,0,6,
AWDARTFYLSRI,1,4,5,
AWDPATFYLSRI,2,3,5,
VWNARTFYLSRI,0,0,5,
VWDTRTFYLSRI,0,1,5,
VWDPATFYLGRI,1,1,5,
VWDPATFYLSRA,9,13,4,
MWDPATFYLSRI,0,1,4,
VWGPRTFYLSRI,0,0,4,
VWDPATFYLNRI,1,0,4,
VWDPATFYLSRV,0,1,4,
VWGARTFYLSRI,0,0,4,
VWDSATFYLSRI,0,2,4,
VRDPRTFYLSRI,1,2,4,
AWDPRTLYLSRI,0,2,4,
VWDARTFYLSHI,0,1,3,
VWDPATFYLSRT,1,1,3,
V&DPATFYLSRI,0,0,3,
VWDPATFYLSAI,9,6,3,
VWDAATFYLSRI,0,0,3,
VWDARTFYLNRI,0,0,3,
VCDARTFYLSRI,0,0,3,
VWDARTSYLSRI,0,0,2,
LWDARTFYLSRI,0,0,2,
VWDAHTFYLSRI,0,0,2,
VWDPRTFYLSRV,0,1,2,
VWGPATFYLSRI,0,0,2,
MWDPRAFYLSRI,0,0,2,
VWNPRTFYLSRI,1,0,2,
VWDARTFYASRI,1,4,2,
VWDACTFYLSRI,0,0,2,
VWDPRAFYLSRA,4,3,2,
VWDPRTSYLSRI,0,1,2,
LWDPRTFYLSRI,0,0,2,
VWNPATFYLSRI,0,0,2,
VWDPATFHLSRI,0,0,2,
VWDPRTFYLSHI,1,1,2,
VWDPHTFYLSRI,0,0,2,
VWDPRTLYLARI,1,3,2,
VWDARTFYLGRI,1,0,2,
VWDPRTFALSCI,0,1,2,
V&DPRAFYLSRI,1,0,1,
VWDPRTFYLGRI,1,2,1,
VWDPATSYLSRI,0,0,1,
A&DPRTFYLSRI,0,0,1,
VWDPRTFHLSRI,0,1,1,
VWDARIFYLSRI,1,0,1,
VWDARTFYLSRM,0,0,1,
VWDPAAFYLSRI,0,0,1,
VWDPGTFALSRI,0,0,1,
VWDPRAFYLSRT,0,0,1,
VCDPRTFYLSRI,0,0,1,
AWDPRAFYLSRI,3,5,1,
VRDPRTFYLSRA,1,0,1,
VWDPATFYLSRN,0,0,1,
VLDPRTFYLSRI,0,0,1,
LWDPRTFYLSRA,0,1,1,
VWDARTFHLSRI,0,0,1,
VWDALSRI,0,0,1,
VWDPRTFYLSCI,0,1,1,
VWDPATSYLSAI,0,0,1,
VWDARTFYLSSI,0,0,1,
VWGPRTAYLSRI,0,0,1,
VWDPRTFYATRI,0,0,1,
VRDPRAFYLSRI,0,2,1,
VRDPATFYLSRI,1,2,1,
VWDSRTFALSRI,0,0,1,
VWDPETFYLSRI,0,0,1,
VCDPRTFYLSRA,0,0,1,
TWVPRTFYLSRI,0,0,1,
VWDARTFYPSRI,0,0,1,
VWDPCAFYLSRI,0,0,1,
VWDAPTFYLSRI,0,0,1,
AWDPATFYLGRI,0,0,1,
AWHPRTFYLSRI,0,0,1,
VWDPATLYLSRA,0,0,1,
MWDPRTFYLSRI,0,0,1,
VWDPRTFYLRRI,0,0,1,
VWGPRAFYLSRI,0,0,1,
total #,3688,4887,4510,


peptide sequence,round # 0 fraction (%),round # 1 fraction (%),round # 2 fraction (%),
VWDARTFYLSRI,8.026%,7.162%,38.736%,
VWDPATFYLSRI,13.313%,11.848%,24.080%,
VWDPRTFYLSRI,9.355%,8.635%,14.789%,
VWDPRTFYLSRA,8.080%,8.860%,4.745%,
VWDPRAFYLSRI,7.375%,5.811%,3.348%,
VWDPRTFYLARI,4.420%,6.241%,3.304%,
AWDPRTFYLSRI,5.504%,5.791%,2.439%,
VWDPRTFALSRI,6.399%,8.512%,0.643%,
VWDARTLYLSRI,0.108%,0.041%,0.621%,
VWDPRTFYLSAI,8.731%,9.188%,0.576%,
VWDPRTAYLSRI,5.911%,7.837%,0.377%,
VWAPRTFYLSRI,6.914%,5.668%,0.333%,
VWDPRTFYASRI,2.820%,3.826%,0.310%,
VADPRTFYLSRI,6.128%,3.867%,0.244%,
VWDARTFYLSRA,0.488%,0.143%,0.244%,
VWDPRTLYLSRI,0.190%,0.041%,0.177%,
VRDARTFYLSRI,0.054%,0.000%,0.155%,
VWDARTFYLSRT,0.000%,0.020%,0.155%,
VWDARAFYLSRI,0.081%,0.041%,0.133%,
VWDARTFYLSRV,0.000%,0.000%,0.133%,
VWDPATLYLSRI,0.000%,0.102%,0.133%,
V&DARTFYLSRI,0.000%,0.000%,0.133%,
AWDARTFYLSRI,0.027%,0.082%,0.111%,
AWDPATFYLSRI,0.054%,0.061%,0.111%,
VWNARTFYLSRI,0.000%,0.000%,0.111%,
VWDTRTFYLSRI,0.000%,0.020%,0.111%,
VWDPATFYLGRI,0.027%,0.020%,0.111%,
VWDPATFYLSRA,0.244%,0.266%,0.089%,
MWDPATFYLSRI,0.000%,0.020%,0.089%,
VWGPRTFYLSRI,0.000%,0.000%,0.089%,
VWDPATFYLNRI,0.027%,0.000%,0.089%,
VWDPATFYLSRV,0.000%,0.020%,0.089%,
VWGARTFYLSRI,0.000%,0.000%,0.089%,
VWDSATFYLSRI,0.000%,0.041%,0.089%,
VRDPRTFYLSRI,0.027%,0.041%,0.089%,
AWDPRTLYLSRI,0.000%,0.041%,0.089%,
VWDARTFYLSHI,0.000%,0.020%,0.067%,
VWDPATFYLSRT,0.027%,0.020%,0.067%,
V&DPATFYLSRI,0.000%,0.000%,0.067%,
VWDPATFYLSAI,0.244%,0.123%,0.067%,
VWDAATFYLSRI,0.000%,0.000%,0.067%,
VWDARTFYLNRI,0.000%,0.000%,0.067%,
VCDARTFYLSRI,0.000%,0.000%,0.067%,
VWDARTSYLSRI,0.000%,0.000%,0.044%,
LWDARTFYLSRI,0.000%,0.000%,0.044%,
VWDAHTFYLSRI,0.000%,0.000%,0.044%,
VWDPRTFYLSRV,0.000%,0.020%,0.044%,
VWGPATFYLSRI,0.000%,0.000%,0.044%,
MWDPRAFYLSRI,0.000%,0.000%,0.044%,
VWNPRTFYLSRI,0.027%,0.000%,0.044%,
VWDARTFYASRI,0.027%,0.082%,0.044%,
VWDACTFYLSRI,0.000%,0.000%,0.044%,
VWDPRAFYLSRA,0.108%,0.061%,0.044%,
VWDPRTSYLSRI,0.000%,0.020%,0.044%,
LWDPRTFYLSRI,0.000%,0.000%,0.044%,
VWNPATFYLSRI,0.000%,0.000%,0.044%,
VWDPATFHLSRI,0.000%,0.000%,0.044%,
VWDPRTFYLSHI,0.027%,0.020%,0.044%,
VWDPHTFYLSRI,0.000%,0.000%,0.044%,
VWDPRTLYLARI,0.027%,0.061%,0.044%,
VWDARTFYLGRI,0.027%,0.000%,0.044%,
VWDPRTFALSCI,0.000%,0.020%,0.044%,
V&DPRAFYLSRI,0.027%,0.000%,0.022%,
VWDPRTFYLGRI,0.027%,0.041%,0.022%,
VWDPATSYLSRI,0.000%,0.000%,0.022%,
A&DPRTFYLSRI,0.000%,0.000%,0.022%,
VWDPRTFHLSRI,0.000%,0.020%,0.022%,
VWDARIFYLSRI,0.027%,0.000%,0.022%,
VWDARTFYLSRM,0.000%,0.000%,0.022%,
VWDPAAFYLSRI,0.000%,0.000%,0.022%,
VWDPGTFALSRI,0.000%,0.000%,0.022%,
VWDPRAFYLSRT,0.000%,0.000%,0.022%,
VCDPRTFYLSRI,0.000%,0.000%,0.022%,
AWDPRAFYLSRI,0.081%,0.102%,0.022%,
VRDPRTFYLSRA,0.027%,0.000%,0.022%,
VWDPATFYLSRN,0.000%,0.000%,0.022%,
VLDPRTFYLSRI,0.000%,0.000%,0.022%,
LWDPRTFYLSRA,0.000%,0.020%,0.022%,
VWDARTFHLSRI,0.000%,0.000%,0.022%,
VWDALSRI,0.000%,0.000%,0.022%,
VWDPRTFYLSCI,0.000%,0.020%,0.022%,
VWDPATSYLSAI,0.000%,0.000%,0.022%,
VWDARTFYLSSI,0.000%,0.000%,0.022%,
VWGPRTAYLSRI,0.000%,0.000%,0.022%,
VWDPRTFYATRI,0.000%,0.000%,0.022%,
VRDPRAFYLSRI,0.000%,0.041%,0.022%,
VRDPATFYLSRI,0.027%,0.041%,0.022%,
VWDSRTFALSRI,0.000%,0.000%,0.022%,
VWDPETFYLSRI,0.000%,0.000%,0.022%,
VCDPRTFYLSRA,0.000%,0.000%,0.022%,
TWVPRTFYLSRI,0.000%,0.000%,0.022%,
VWDARTFYPSRI,0.000%,0.000%,0.022%,
VWDPCAFYLSRI,0.000%,0.000%,0.022%,
VWDAPTFYLSRI,0.000%,0.000%,0.022%,
AWDPATFYLGRI,0.000%,0.000%,0.022%,
AWHPRTFYLSRI,0.000%,0.000%,0.022%,
VWDPATLYLSRA,0.000%,0.000%,0.022%,
MWDPRTFYLSRI,0.000%,0.000%,0.022%,
VWDPRTFYLRRI,0.000%,0.000%,0.022%,
VWGPRAFYLSRI,0.000%,0.000%,0.022%,
